clk, area
3.2,200597.036076
3.3,194578.055573
3.4,191145.912726
3.5,187336.947193
3.6,184923.244357
3.7,181419.810720
3.8,180343.659104
